{
    "cog": {
        "gcode": {
            "X": 64.63721781326414,
            "Y": 74.91909592599244,
            "Z": 199.04929360115
        },
        "model": {
            "X": 27.74221781326414,
            "Y": 5.419095925992437,
            "Z": 337.04929360115
        },
        "slicer_translation": {
            "X": 36.895,
            "Y": 69.5,
            "Z": -138.0
        },
        "model_method": null
    },
    "material": {
        "extrudate": 15593.809300000752,
        "volume": 2.405281875404685,
        "mass": 2.9825495255018097
    },
    "files": {
        "scad": "/home/roman/rep/tf/Auto-G2/CAD/src/111_1009.scad",
        "amf": "/home/roman/rep/tf/Auto-G2/CAD/amf/111_1009.amf",
        "stl": "/home/roman/rep/tf/Auto-G2/CAD/stl/111_1009.stl",
        "gcode": "/home/roman/rep/tf/Auto-G2/CAD/gcode/111_1009.gcode"
    }
}