{
    "cog": {
        "X": 98.98630181718313,
        "Y": 99.11418495541199,
        "Z": 65.74402080567405
    },
    "file": "print_plate_111_1009_parts.gcode",
    "slicer_translation": {
        "X": 70.0,
        "Y": 94.0,
        "Z": 0.0
    },
    "stl_cog": {
        "X": 28.986301817183133,
        "Y": 5.114184955411986,
        "Z": 65.74402080567405
    }
}