{
    "cog": {
        "X": 65.96457815262306,
        "Y": 74.774334738446,
        "Z": 199.3756961015589
    },
    "file": "111_1009.gcode",
    "slicer_translation": {
        "X": 51.0,
        "Y": 74.0,
        "Z": 0.0
    },
    "stl_cog": {
        "X": 14.964578152623062,
        "Y": 0.7743347384460009,
        "Z": 199.3756961015589
    }
}