{
    "cog": {
        "X": 67.78130728337945,
        "Y": 74.9293111339475,
        "Z": 192.1475019979864
    },
    "file": "111_1009.gcode",
    "slicer_translation": {
        "X": 0,
        "Y": 0,
        "Z": 0
    },
    "stl_cog": {
        "X": 67.78130728337945,
        "Y": 74.9293111339475,
        "Z": 192.1475019979864
    }
}