{
    "cog": {
        "X": 66.20868010578947,
        "Y": 74.94256582347575,
        "Z": 204.59296201155462
    },
    "file": "111_1009.gcode",
    "slicer_translation": {
        "X": 51.0,
        "Y": 75.0,
        "Z": 0.0
    },
    "stl_cog": {
        "X": 15.208680105789469,
        "Y": -0.057434176524253644,
        "Z": 204.59296201155462
    }
}