{
    "cog": {
        "X": 66.46811984322171,
        "Y": 74.82546984855979,
        "Z": 200.27842380448794
    },
    "file": "111_1009.gcode",
    "slicer_translation": {
        "X": 52.0,
        "Y": 74.0,
        "Z": 0.0
    },
    "stl_cog": {
        "X": 14.468119843221714,
        "Y": 0.8254698485597913,
        "Z": 200.27842380448794
    }
}