{
    "cog": {
        "X": 65.89102158306956,
        "Y": 74.93774893058138,
        "Z": 199.14554095340836
    },
    "file": "111_1009.gcode",
    "slicer_translation": {
        "X": 51.0,
        "Y": 75.0,
        "Z": 0.0
    },
    "stl_cog": {
        "X": 14.89102158306956,
        "Y": -0.062251069418621796,
        "Z": 199.14554095340836
    }
}