{
    "cog": {
        "X": 95.96546852807231,
        "Y": 99.92150677910277,
        "Z": 185.22125393537064
    },
    "cog_stl": {
        "X": 95.96546852807231,
        "Y": 99.92150677910277,
        "Z": 185.22125393537064
    },
    "file": "111_1009.gcode",
    "material": {
        "density": 0.0,
        "extrudate": 8833.973250000014,
        "mass": 55.16257748509792,
        "volume": 62443.67729446978
    },
    "slicer_translation": {
        "X": 0,
        "Y": 0,
        "Z": 0
    }
}