{
    "cog": {
        "X": 66.05479922642402,
        "Y": 74.81838696128399,
        "Z": 205.42201628591636
    },
    "file": "111_1009.gcode",
    "slicer_translation": {
        "X": 51.0,
        "Y": 75.0,
        "Z": 0.0
    },
    "stl_cog": {
        "X": 15.054799226424024,
        "Y": -0.18161303871600865,
        "Z": 205.42201628591636
    }
}