{
    "cog": {
        "X": 67.78130728337945,
        "Y": 74.9293111339475,
        "Z": 192.1475019979864
    },
    "cog_stl": {
        "X": 67.78130728337945,
        "Y": 74.9293111339475,
        "Z": 192.1475019979864
    },
    "file": "111_1009.gcode",
    "material": {
        "density": 1.24,
        "extrudate": 11272.038959999763,
        "mass": 30.561237863761896,
        "volume": 27112.43100934291
    },
    "slicer_translation": {
        "X": 0,
        "Y": 0,
        "Z": 0
    }
}