{
    "cog": {
        "X": 100.77055515501961,
        "Y": 99.51892160337457,
        "Z": 5.58946101604732
    },
    "file": "111_1002.gcode",
    "slicer_translation": {
        "X": 100.0,
        "Y": 97.0,
        "Z": 0.0
    },
    "stl_cog": {
        "X": 0.7705551550196077,
        "Y": 2.518921603374565,
        "Z": 5.58946101604732
    }
}