{
    "cog": {
        "X": 89.56448522725469,
        "Y": 99.94953481180721,
        "Z": 202.55260094220918
    },
    "file": "111_1009.gcode",
    "slicer_translation": {
        "X": 77.0,
        "Y": 99.0,
        "Z": 0.0
    },
    "stl_cog": {
        "X": 12.564485227254693,
        "Y": 0.9495348118072116,
        "Z": 202.55260094220918
    }
}