{
    "cog": {
        "X": 101.58953415144804,
        "Y": 99.4487379323556,
        "Z": 8.429718679466836
    },
    "file": "888_1012.gcode",
    "slicer_translation": {
        "X": 94.0,
        "Y": 100.0,
        "Z": 0.0
    },
    "stl_cog": {
        "X": 7.589534151448035,
        "Y": -0.5512620676444016,
        "Z": 8.429718679466836
    }
}