{
    "cog": {
        "X": 101.14102924407554,
        "Y": 100.62280220275105,
        "Z": 8.463665270185567
    },
    "file": "888_1012.gcode",
    "slicer_translation": {
        "X": 94.0,
        "Y": 97.0,
        "Z": 0.0
    },
    "stl_cog": {
        "X": 7.14102924407554,
        "Y": 3.6228022027510463,
        "Z": 8.463665270185567
    }
}