{
    "cog": {
        "X": 99.60929737776323,
        "Y": 100.46617114606603,
        "Z": 7.53153428015762
    },
    "file": "888_1012.gcode",
    "slicer_translation": {
        "X": 94.0,
        "Y": 100.0,
        "Z": 0.0
    },
    "stl_cog": {
        "X": 5.609297377763227,
        "Y": 0.4661711460660314,
        "Z": 7.53153428015762
    }
}