{
    "cog": {
        "X": 74.61432720466031,
        "Y": 74.61475095348123,
        "Z": 63.60844844239872
    },
    "file": "print_plate_111_1009_parts_tips.gcode",
    "slicer_translation": {
        "X": 45.0,
        "Y": 63.0,
        "Z": 0.0
    },
    "stl_cog": {
        "X": 29.614327204660313,
        "Y": 11.614750953481234,
        "Z": 63.60844844239872
    }
}