{
    "cog": {
        "X": 98.95344184671906,
        "Y": 99.11591760626563,
        "Z": 65.78072600769144
    },
    "file": "print_plate_111_1009_parts.gcode",
    "slicer_translation": {
        "X": 70.0,
        "Y": 94.0,
        "Z": 0.0
    },
    "stl_cog": {
        "X": 28.95344184671906,
        "Y": 5.115917606265626,
        "Z": 65.78072600769144
    }
}