{
    "cog": {
        "X": 74.93118039247976,
        "Y": 74.97618366610594,
        "Z": 1.3904190441278732
    },
    "file": "print_plate_111_1009_root_parts.gcode",
    "slicer_translation": {
        "X": 77.0,
        "Y": 75.0,
        "Z": 0.0
    },
    "stl_cog": {
        "X": -2.06881960752024,
        "Y": -0.023816333894060904,
        "Z": 1.3904190441278732
    }
}