{
    "cog": {
        "X": 74.7672824988578,
        "Y": 74.86579433665403,
        "Z": 64.35103899872998
    },
    "file": "print_plate_111_1009_parts.gcode",
    "slicer_translation": {
        "X": 45.0,
        "Y": 68.0,
        "Z": 0.0
    },
    "stl_cog": {
        "X": 29.767282498857796,
        "Y": 6.865794336654034,
        "Z": 64.35103899872998
    }
}