{
    "cog": {
        "X": 74.65167263325539,
        "Y": 74.96440017894581,
        "Z": 66.57283813720068
    },
    "file": "print_plate_111_1009_parts.gcode",
    "slicer_translation": {
        "X": 40.0,
        "Y": 70.0,
        "Z": 0.0
    },
    "stl_cog": {
        "X": 34.65167263325539,
        "Y": 4.964400178945809,
        "Z": 66.57283813720068
    }
}