{
    "cog": {
        "X": 75.23313321359454,
        "Y": 65.23765575255776,
        "Z": 1.2780436079758872
    },
    "file": "print_plate_rotor_parts.gcode",
    "slicer_translation": {
        "X": 65.0,
        "Y": 43.0,
        "Z": 0.0
    },
    "stl_cog": {
        "X": 10.233133213594542,
        "Y": 22.237655752557757,
        "Z": 1.2780436079758872
    }
}