{
    "cog": {
        "X": 98.9078623657404,
        "Y": 99.56032570430477,
        "Z": 4.605763755197743
    },
    "file": "print_plate_111_1009_parts_tips_upper.gcode",
    "slicer_translation": {
        "X": 0,
        "Y": 0,
        "Z": 0
    },
    "stl_cog": {
        "X": 98.9078623657404,
        "Y": 99.56032570430477,
        "Z": 4.605763755197743
    }
}