{
    "cog": {
        "X": 74.38842189539895,
        "Y": 75.29785970797448,
        "Z": 1.0823780589264484
    },
    "file": "print_plate_rotor_washers.gcode",
    "slicer_translation": {
        "X": 60.0,
        "Y": 68.0,
        "Z": 0.0
    },
    "stl_cog": {
        "X": 14.388421895398949,
        "Y": 7.297859707974482,
        "Z": 1.0823780589264484
    }
}