{
    "cog": {
        "X": 74.20828662292699,
        "Y": 73.55302941997056,
        "Z": 1.4800781877952527
    },
    "file": "print_plate_rotor_parts.gcode",
    "slicer_translation": {
        "X": 69.0,
        "Y": 70.0,
        "Z": 0.0
    },
    "stl_cog": {
        "X": 5.208286622926991,
        "Y": 3.5530294199705565,
        "Z": 1.4800781877952527
    }
}