{
    "cog": {
        "X": 74.61259450806394,
        "Y": 74.66219490029721,
        "Z": 63.75579946717384
    },
    "cog_stl": {
        "X": 74.61259450806394,
        "Y": 74.66219490029721,
        "Z": 63.75579946717384
    },
    "file": "print_plate_blades_parts.gcode",
    "material": {
        "density": 1.24,
        "extrudate": 22742.54357999914,
        "mass": 124.40678013377803,
        "volume": 54702.227873573116
    },
    "slicer_translation": {
        "X": 0,
        "Y": 0,
        "Z": 0
    }
}