{
    "cog": {
        "X": 99.9444961037217,
        "Y": 100.01266892639032,
        "Z": 65.22575860622021
    },
    "file": "print_plate_111_1009_parts.gcode",
    "slicer_translation": {
        "X": 0,
        "Y": 0,
        "Z": 0
    },
    "stl_cog": {
        "X": 99.9444961037217,
        "Y": 100.01266892639032,
        "Z": 65.22575860622021
    }
}