{
    "cog": {
        "X": 74.55556504125784,
        "Y": 74.68418657229893,
        "Z": 63.74058496765698
    },
    "cog_stl": {
        "X": 74.55556504125784,
        "Y": 74.68418657229893,
        "Z": 63.74058496765698
    },
    "file": "print_plate_blades_parts.gcode",
    "material": {
        "density": 1.24,
        "extrudate": 22613.19603999913,
        "mass": 122.99568463784242,
        "volume": 54391.11057998291
    },
    "slicer_translation": {
        "X": 0,
        "Y": 0,
        "Z": 0
    }
}