{
    "cog": {
        "X": 89.77611437112547,
        "Y": 96.12620863693387,
        "Z": 1.7439917501693962
    },
    "file": "print_plate_rotor_parts.gcode",
    "slicer_translation": {
        "X": 0,
        "Y": 0,
        "Z": 0
    },
    "stl_cog": {
        "X": 89.77611437112547,
        "Y": 96.12620863693387,
        "Z": 1.7439917501693962
    }
}