{
    "cog": {
        "X": 74.87681974137533,
        "Y": 74.87520322487019,
        "Z": 1.5220371478957089
    },
    "file": "print_plate_111_1009_root_parts.gcode",
    "slicer_translation": {
        "X": 77.0,
        "Y": 75.0,
        "Z": 0.0
    },
    "stl_cog": {
        "X": -2.1231802586246715,
        "Y": -0.12479677512980913,
        "Z": 1.5220371478957089
    }
}