{
    "cog": {
        "X": 74.75602254512454,
        "Y": 74.81535265193452,
        "Z": 65.74856335690255
    },
    "file": "print_plate_111_1009_parts.gcode",
    "slicer_translation": {
        "X": 45.0,
        "Y": 69.0,
        "Z": 0.0
    },
    "stl_cog": {
        "X": 29.756022545124537,
        "Y": 5.815352651934518,
        "Z": 65.74856335690255
    }
}