{
    "cog": {
        "X": 74.36818804327996,
        "Y": 75.18758595420327,
        "Z": 60.25838413015439
    },
    "file": "print_plate_111_1009_root.gcode",
    "slicer_translation": {
        "X": 81.0,
        "Y": 40.0,
        "Z": 0.0
    },
    "stl_cog": {
        "X": -6.631811956720043,
        "Y": 35.18758595420327,
        "Z": 60.25838413015439
    }
}