{
    "cog": {
        "X": 75.31657315958199,
        "Y": 74.14746931907415,
        "Z": 60.08570145165143
    },
    "file": "print_plate_111_1009_root.gcode",
    "slicer_translation": {
        "X": 80.0,
        "Y": 40.0,
        "Z": 0.0
    },
    "stl_cog": {
        "X": -4.683426840418008,
        "Y": 34.14746931907415,
        "Z": 60.08570145165143
    }
}