{
    "cog": {
        "X": 99.93931116988897,
        "Y": 100.01646905413713,
        "Z": 65.22570086490221
    },
    "file": "print_plate_111_1009_parts.gcode",
    "slicer_translation": {
        "X": 0,
        "Y": 0,
        "Z": 0
    },
    "stl_cog": {
        "X": 99.93931116988897,
        "Y": 100.01646905413713,
        "Z": 65.22570086490221
    }
}