{
    "cog": {
        "X": 74.55406212729875,
        "Y": 74.68225089970522,
        "Z": 64.06316477958902
    },
    "cog_stl": {
        "X": 74.55406212729875,
        "Y": 74.68225089970522,
        "Z": 64.06316477958902
    },
    "file": "print_plate_blades_parts.gcode",
    "material": {
        "density": 1.24,
        "extrudate": 22498.97431999914,
        "mass": 121.75629347258037,
        "volume": 54116.37514708938
    },
    "slicer_translation": {
        "X": 0,
        "Y": 0,
        "Z": 0
    }
}